insert into `account_pwd` values('yjx0','123');
INSERT INTO `fighter` (`playerId`,`fighterId`, `hp`, `mp`, `experience`,`cloth`, `head`, `shoes`, `dweapon`, `addTime`, `starLevel`, `initMapId`, `skillEnter`) VALUES(  844424930131970, 1001, 1500, 100, 0, 1, 2, 3,8, 1493000260, 0, 0, '1;0;0;0;0;0;0;0');
insert into `player_id` values( 844424930131970,'','yjx0');
insert into `player` values( 844424930131970,'并州邓傲0');
REPLACE INTO `mine_war_pos`(`mapId`,`playerId`, `fighterId`, `posx`, `posy`, `mainFighterHP`, `soldiersHP`) value(12033, 844424930131970, 1001, 2, 2, 0, '');
insert into `account_pwd` values('yjx1','123');
INSERT INTO `fighter` (`playerId`,`fighterId`, `hp`, `mp`, `experience`,`cloth`, `head`, `shoes`, `dweapon`, `addTime`, `starLevel`, `initMapId`, `skillEnter`) VALUES(  844424930131971, 1001, 1500, 100, 0, 1, 2, 3,8, 1493000260, 0, 0, '1;0;0;0;0;0;0;0');
insert into `player_id` values( 844424930131971,'','yjx1');
insert into `player` values( 844424930131971,'并州邓傲1');
REPLACE INTO `mine_war_pos`(`mapId`,`playerId`, `fighterId`, `posx`, `posy`, `mainFighterHP`, `soldiersHP`) value(12033, 844424930131971, 1001, 2, 2, 0, '');
insert into `account_pwd` values('yjx2','123');
INSERT INTO `fighter` (`playerId`,`fighterId`, `hp`, `mp`, `experience`,`cloth`, `head`, `shoes`, `dweapon`, `addTime`, `starLevel`, `initMapId`, `skillEnter`) VALUES(  844424930131972, 1001, 1500, 100, 0, 1, 2, 3,8, 1493000260, 0, 0, '1;0;0;0;0;0;0;0');
insert into `player_id` values( 844424930131972,'','yjx2');
insert into `player` values( 844424930131972,'并州邓傲2');
REPLACE INTO `mine_war_pos`(`mapId`,`playerId`, `fighterId`, `posx`, `posy`, `mainFighterHP`, `soldiersHP`) value(12033, 844424930131972, 1001, 2, 2, 0, '');
insert into `account_pwd` values('yjx3','123');
INSERT INTO `fighter` (`playerId`,`fighterId`, `hp`, `mp`, `experience`,`cloth`, `head`, `shoes`, `dweapon`, `addTime`, `starLevel`, `initMapId`, `skillEnter`) VALUES(  844424930131973, 1001, 1500, 100, 0, 1, 2, 3,8, 1493000260, 0, 0, '1;0;0;0;0;0;0;0');
insert into `player_id` values( 844424930131973,'','yjx3');
insert into `player` values( 844424930131973,'并州邓傲3');
REPLACE INTO `mine_war_pos`(`mapId`,`playerId`, `fighterId`, `posx`, `posy`, `mainFighterHP`, `soldiersHP`) value(12033, 844424930131973, 1001, 2, 2, 0, '');
insert into `account_pwd` values('yjx4','123');
INSERT INTO `fighter` (`playerId`,`fighterId`, `hp`, `mp`, `experience`,`cloth`, `head`, `shoes`, `dweapon`, `addTime`, `starLevel`, `initMapId`, `skillEnter`) VALUES(  844424930131974, 1001, 1500, 100, 0, 1, 2, 3,8, 1493000260, 0, 0, '1;0;0;0;0;0;0;0');
insert into `player_id` values( 844424930131974,'','yjx4');
insert into `player` values( 844424930131974,'并州邓傲4');
REPLACE INTO `mine_war_pos`(`mapId`,`playerId`, `fighterId`, `posx`, `posy`, `mainFighterHP`, `soldiersHP`) value(12033, 844424930131974, 1001, 2, 2, 0, '');
insert into `account_pwd` values('yjx5','123');
INSERT INTO `fighter` (`playerId`,`fighterId`, `hp`, `mp`, `experience`,`cloth`, `head`, `shoes`, `dweapon`, `addTime`, `starLevel`, `initMapId`, `skillEnter`) VALUES(  844424930131975, 1001, 1500, 100, 0, 1, 2, 3,8, 1493000260, 0, 0, '1;0;0;0;0;0;0;0');
insert into `player_id` values( 844424930131975,'','yjx5');
insert into `player` values( 844424930131975,'并州邓傲5');
REPLACE INTO `mine_war_pos`(`mapId`,`playerId`, `fighterId`, `posx`, `posy`, `mainFighterHP`, `soldiersHP`) value(12033, 844424930131975, 1001, 2, 2, 0, '');
insert into `account_pwd` values('yjx6','123');
INSERT INTO `fighter` (`playerId`,`fighterId`, `hp`, `mp`, `experience`,`cloth`, `head`, `shoes`, `dweapon`, `addTime`, `starLevel`, `initMapId`, `skillEnter`) VALUES(  844424930131976, 1001, 1500, 100, 0, 1, 2, 3,8, 1493000260, 0, 0, '1;0;0;0;0;0;0;0');
insert into `player_id` values( 844424930131976,'','yjx6');
insert into `player` values( 844424930131976,'并州邓傲6');
REPLACE INTO `mine_war_pos`(`mapId`,`playerId`, `fighterId`, `posx`, `posy`, `mainFighterHP`, `soldiersHP`) value(12033, 844424930131976, 1001, 2, 2, 0, '');
insert into `account_pwd` values('yjx7','123');
INSERT INTO `fighter` (`playerId`,`fighterId`, `hp`, `mp`, `experience`,`cloth`, `head`, `shoes`, `dweapon`, `addTime`, `starLevel`, `initMapId`, `skillEnter`) VALUES(  844424930131977, 1001, 1500, 100, 0, 1, 2, 3,8, 1493000260, 0, 0, '1;0;0;0;0;0;0;0');
insert into `player_id` values( 844424930131977,'','yjx7');
insert into `player` values( 844424930131977,'并州邓傲7');
REPLACE INTO `mine_war_pos`(`mapId`,`playerId`, `fighterId`, `posx`, `posy`, `mainFighterHP`, `soldiersHP`) value(12033, 844424930131977, 1001, 2, 2, 0, '');
insert into `account_pwd` values('yjx8','123');
INSERT INTO `fighter` (`playerId`,`fighterId`, `hp`, `mp`, `experience`,`cloth`, `head`, `shoes`, `dweapon`, `addTime`, `starLevel`, `initMapId`, `skillEnter`) VALUES(  844424930131978, 1001, 1500, 100, 0, 1, 2, 3,8, 1493000260, 0, 0, '1;0;0;0;0;0;0;0');
insert into `player_id` values( 844424930131978,'','yjx8');
insert into `player` values( 844424930131978,'并州邓傲8');
REPLACE INTO `mine_war_pos`(`mapId`,`playerId`, `fighterId`, `posx`, `posy`, `mainFighterHP`, `soldiersHP`) value(12033, 844424930131978, 1001, 2, 2, 0, '');
insert into `account_pwd` values('yjx9','123');
INSERT INTO `fighter` (`playerId`,`fighterId`, `hp`, `mp`, `experience`,`cloth`, `head`, `shoes`, `dweapon`, `addTime`, `starLevel`, `initMapId`, `skillEnter`) VALUES(  844424930131979, 1001, 1500, 100, 0, 1, 2, 3,8, 1493000260, 0, 0, '1;0;0;0;0;0;0;0');
insert into `player_id` values( 844424930131979,'','yjx9');
insert into `player` values( 844424930131979,'并州邓傲9');
REPLACE INTO `mine_war_pos`(`mapId`,`playerId`, `fighterId`, `posx`, `posy`, `mainFighterHP`, `soldiersHP`) value(12033, 844424930131979, 1001, 2, 2, 0, '');
insert into `account_pwd` values('yjx10','123');
INSERT INTO `fighter` (`playerId`,`fighterId`, `hp`, `mp`, `experience`,`cloth`, `head`, `shoes`, `dweapon`, `addTime`, `starLevel`, `initMapId`, `skillEnter`) VALUES(  844424930131980, 1001, 1500, 100, 0, 1, 2, 3,8, 1493000260, 0, 0, '1;0;0;0;0;0;0;0');
insert into `player_id` values( 844424930131980,'','yjx10');
insert into `player` values( 844424930131980,'并州邓傲10');
REPLACE INTO `mine_war_pos`(`mapId`,`playerId`, `fighterId`, `posx`, `posy`, `mainFighterHP`, `soldiersHP`) value(12033, 844424930131980, 1001, 2, 2, 0, '');
insert into `account_pwd` values('yjx11','123');
INSERT INTO `fighter` (`playerId`,`fighterId`, `hp`, `mp`, `experience`,`cloth`, `head`, `shoes`, `dweapon`, `addTime`, `starLevel`, `initMapId`, `skillEnter`) VALUES(  844424930131981, 1001, 1500, 100, 0, 1, 2, 3,8, 1493000260, 0, 0, '1;0;0;0;0;0;0;0');
insert into `player_id` values( 844424930131981,'','yjx11');
insert into `player` values( 844424930131981,'并州邓傲11');
REPLACE INTO `mine_war_pos`(`mapId`,`playerId`, `fighterId`, `posx`, `posy`, `mainFighterHP`, `soldiersHP`) value(12033, 844424930131981, 1001, 2, 2, 0, '');
insert into `account_pwd` values('yjx12','123');
INSERT INTO `fighter` (`playerId`,`fighterId`, `hp`, `mp`, `experience`,`cloth`, `head`, `shoes`, `dweapon`, `addTime`, `starLevel`, `initMapId`, `skillEnter`) VALUES(  844424930131982, 1001, 1500, 100, 0, 1, 2, 3,8, 1493000260, 0, 0, '1;0;0;0;0;0;0;0');
insert into `player_id` values( 844424930131982,'','yjx12');
insert into `player` values( 844424930131982,'并州邓傲12');
REPLACE INTO `mine_war_pos`(`mapId`,`playerId`, `fighterId`, `posx`, `posy`, `mainFighterHP`, `soldiersHP`) value(12033, 844424930131982, 1001, 2, 2, 0, '');
insert into `account_pwd` values('yjx13','123');
INSERT INTO `fighter` (`playerId`,`fighterId`, `hp`, `mp`, `experience`,`cloth`, `head`, `shoes`, `dweapon`, `addTime`, `starLevel`, `initMapId`, `skillEnter`) VALUES(  844424930131983, 1001, 1500, 100, 0, 1, 2, 3,8, 1493000260, 0, 0, '1;0;0;0;0;0;0;0');
insert into `player_id` values( 844424930131983,'','yjx13');
insert into `player` values( 844424930131983,'并州邓傲13');
REPLACE INTO `mine_war_pos`(`mapId`,`playerId`, `fighterId`, `posx`, `posy`, `mainFighterHP`, `soldiersHP`) value(12033, 844424930131983, 1001, 2, 2, 0, '');
insert into `account_pwd` values('yjx14','123');
INSERT INTO `fighter` (`playerId`,`fighterId`, `hp`, `mp`, `experience`,`cloth`, `head`, `shoes`, `dweapon`, `addTime`, `starLevel`, `initMapId`, `skillEnter`) VALUES(  844424930131984, 1001, 1500, 100, 0, 1, 2, 3,8, 1493000260, 0, 0, '1;0;0;0;0;0;0;0');
insert into `player_id` values( 844424930131984,'','yjx14');
insert into `player` values( 844424930131984,'并州邓傲14');
REPLACE INTO `mine_war_pos`(`mapId`,`playerId`, `fighterId`, `posx`, `posy`, `mainFighterHP`, `soldiersHP`) value(12033, 844424930131984, 1001, 2, 2, 0, '');
insert into `account_pwd` values('yjx15','123');
INSERT INTO `fighter` (`playerId`,`fighterId`, `hp`, `mp`, `experience`,`cloth`, `head`, `shoes`, `dweapon`, `addTime`, `starLevel`, `initMapId`, `skillEnter`) VALUES(  844424930131985, 1001, 1500, 100, 0, 1, 2, 3,8, 1493000260, 0, 0, '1;0;0;0;0;0;0;0');
insert into `player_id` values( 844424930131985,'','yjx15');
insert into `player` values( 844424930131985,'并州邓傲15');
REPLACE INTO `mine_war_pos`(`mapId`,`playerId`, `fighterId`, `posx`, `posy`, `mainFighterHP`, `soldiersHP`) value(12033, 844424930131985, 1001, 2, 2, 0, '');
insert into `account_pwd` values('yjx16','123');
INSERT INTO `fighter` (`playerId`,`fighterId`, `hp`, `mp`, `experience`,`cloth`, `head`, `shoes`, `dweapon`, `addTime`, `starLevel`, `initMapId`, `skillEnter`) VALUES(  844424930131986, 1001, 1500, 100, 0, 1, 2, 3,8, 1493000260, 0, 0, '1;0;0;0;0;0;0;0');
insert into `player_id` values( 844424930131986,'','yjx16');
insert into `player` values( 844424930131986,'并州邓傲16');
REPLACE INTO `mine_war_pos`(`mapId`,`playerId`, `fighterId`, `posx`, `posy`, `mainFighterHP`, `soldiersHP`) value(12033, 844424930131986, 1001, 2, 2, 0, '');
insert into `account_pwd` values('yjx17','123');
INSERT INTO `fighter` (`playerId`,`fighterId`, `hp`, `mp`, `experience`,`cloth`, `head`, `shoes`, `dweapon`, `addTime`, `starLevel`, `initMapId`, `skillEnter`) VALUES(  844424930131987, 1001, 1500, 100, 0, 1, 2, 3,8, 1493000260, 0, 0, '1;0;0;0;0;0;0;0');
insert into `player_id` values( 844424930131987,'','yjx17');
insert into `player` values( 844424930131987,'并州邓傲17');
REPLACE INTO `mine_war_pos`(`mapId`,`playerId`, `fighterId`, `posx`, `posy`, `mainFighterHP`, `soldiersHP`) value(12033, 844424930131987, 1001, 2, 2, 0, '');
insert into `account_pwd` values('yjx18','123');
INSERT INTO `fighter` (`playerId`,`fighterId`, `hp`, `mp`, `experience`,`cloth`, `head`, `shoes`, `dweapon`, `addTime`, `starLevel`, `initMapId`, `skillEnter`) VALUES(  844424930131988, 1001, 1500, 100, 0, 1, 2, 3,8, 1493000260, 0, 0, '1;0;0;0;0;0;0;0');
insert into `player_id` values( 844424930131988,'','yjx18');
insert into `player` values( 844424930131988,'并州邓傲18');
REPLACE INTO `mine_war_pos`(`mapId`,`playerId`, `fighterId`, `posx`, `posy`, `mainFighterHP`, `soldiersHP`) value(12033, 844424930131988, 1001, 2, 2, 0, '');
insert into `account_pwd` values('yjx19','123');
INSERT INTO `fighter` (`playerId`,`fighterId`, `hp`, `mp`, `experience`,`cloth`, `head`, `shoes`, `dweapon`, `addTime`, `starLevel`, `initMapId`, `skillEnter`) VALUES(  844424930131989, 1001, 1500, 100, 0, 1, 2, 3,8, 1493000260, 0, 0, '1;0;0;0;0;0;0;0');
insert into `player_id` values( 844424930131989,'','yjx19');
insert into `player` values( 844424930131989,'并州邓傲19');
REPLACE INTO `mine_war_pos`(`mapId`,`playerId`, `fighterId`, `posx`, `posy`, `mainFighterHP`, `soldiersHP`) value(12033, 844424930131989, 1001, 2, 2, 0, '');
insert into `account_pwd` values('yjx20','123');
INSERT INTO `fighter` (`playerId`,`fighterId`, `hp`, `mp`, `experience`,`cloth`, `head`, `shoes`, `dweapon`, `addTime`, `starLevel`, `initMapId`, `skillEnter`) VALUES(  844424930131990, 1001, 1500, 100, 0, 1, 2, 3,8, 1493000260, 0, 0, '1;0;0;0;0;0;0;0');
insert into `player_id` values( 844424930131990,'','yjx20');
insert into `player` values( 844424930131990,'并州邓傲20');
REPLACE INTO `mine_war_pos`(`mapId`,`playerId`, `fighterId`, `posx`, `posy`, `mainFighterHP`, `soldiersHP`) value(12033, 844424930131990, 1001, 2, 2, 0, '');
insert into `account_pwd` values('yjx21','123');
INSERT INTO `fighter` (`playerId`,`fighterId`, `hp`, `mp`, `experience`,`cloth`, `head`, `shoes`, `dweapon`, `addTime`, `starLevel`, `initMapId`, `skillEnter`) VALUES(  844424930131991, 1001, 1500, 100, 0, 1, 2, 3,8, 1493000260, 0, 0, '1;0;0;0;0;0;0;0');
insert into `player_id` values( 844424930131991,'','yjx21');
insert into `player` values( 844424930131991,'并州邓傲21');
REPLACE INTO `mine_war_pos`(`mapId`,`playerId`, `fighterId`, `posx`, `posy`, `mainFighterHP`, `soldiersHP`) value(12033, 844424930131991, 1001, 2, 2, 0, '');
insert into `account_pwd` values('yjx22','123');
INSERT INTO `fighter` (`playerId`,`fighterId`, `hp`, `mp`, `experience`,`cloth`, `head`, `shoes`, `dweapon`, `addTime`, `starLevel`, `initMapId`, `skillEnter`) VALUES(  844424930131992, 1001, 1500, 100, 0, 1, 2, 3,8, 1493000260, 0, 0, '1;0;0;0;0;0;0;0');
insert into `player_id` values( 844424930131992,'','yjx22');
insert into `player` values( 844424930131992,'并州邓傲22');
REPLACE INTO `mine_war_pos`(`mapId`,`playerId`, `fighterId`, `posx`, `posy`, `mainFighterHP`, `soldiersHP`) value(12033, 844424930131992, 1001, 2, 2, 0, '');
insert into `account_pwd` values('yjx23','123');
INSERT INTO `fighter` (`playerId`,`fighterId`, `hp`, `mp`, `experience`,`cloth`, `head`, `shoes`, `dweapon`, `addTime`, `starLevel`, `initMapId`, `skillEnter`) VALUES(  844424930131993, 1001, 1500, 100, 0, 1, 2, 3,8, 1493000260, 0, 0, '1;0;0;0;0;0;0;0');
insert into `player_id` values( 844424930131993,'','yjx23');
insert into `player` values( 844424930131993,'并州邓傲23');
REPLACE INTO `mine_war_pos`(`mapId`,`playerId`, `fighterId`, `posx`, `posy`, `mainFighterHP`, `soldiersHP`) value(12033, 844424930131993, 1001, 2, 2, 0, '');
insert into `account_pwd` values('yjx24','123');
INSERT INTO `fighter` (`playerId`,`fighterId`, `hp`, `mp`, `experience`,`cloth`, `head`, `shoes`, `dweapon`, `addTime`, `starLevel`, `initMapId`, `skillEnter`) VALUES(  844424930131994, 1001, 1500, 100, 0, 1, 2, 3,8, 1493000260, 0, 0, '1;0;0;0;0;0;0;0');
insert into `player_id` values( 844424930131994,'','yjx24');
insert into `player` values( 844424930131994,'并州邓傲24');
REPLACE INTO `mine_war_pos`(`mapId`,`playerId`, `fighterId`, `posx`, `posy`, `mainFighterHP`, `soldiersHP`) value(12033, 844424930131994, 1001, 2, 2, 0, '');
insert into `account_pwd` values('yjx25','123');
INSERT INTO `fighter` (`playerId`,`fighterId`, `hp`, `mp`, `experience`,`cloth`, `head`, `shoes`, `dweapon`, `addTime`, `starLevel`, `initMapId`, `skillEnter`) VALUES(  844424930131995, 1001, 1500, 100, 0, 1, 2, 3,8, 1493000260, 0, 0, '1;0;0;0;0;0;0;0');
insert into `player_id` values( 844424930131995,'','yjx25');
insert into `player` values( 844424930131995,'并州邓傲25');
REPLACE INTO `mine_war_pos`(`mapId`,`playerId`, `fighterId`, `posx`, `posy`, `mainFighterHP`, `soldiersHP`) value(12033, 844424930131995, 1001, 2, 2, 0, '');
insert into `account_pwd` values('yjx26','123');
INSERT INTO `fighter` (`playerId`,`fighterId`, `hp`, `mp`, `experience`,`cloth`, `head`, `shoes`, `dweapon`, `addTime`, `starLevel`, `initMapId`, `skillEnter`) VALUES(  844424930131996, 1001, 1500, 100, 0, 1, 2, 3,8, 1493000260, 0, 0, '1;0;0;0;0;0;0;0');
insert into `player_id` values( 844424930131996,'','yjx26');
insert into `player` values( 844424930131996,'并州邓傲26');
REPLACE INTO `mine_war_pos`(`mapId`,`playerId`, `fighterId`, `posx`, `posy`, `mainFighterHP`, `soldiersHP`) value(12033, 844424930131996, 1001, 2, 2, 0, '');
insert into `account_pwd` values('yjx27','123');
INSERT INTO `fighter` (`playerId`,`fighterId`, `hp`, `mp`, `experience`,`cloth`, `head`, `shoes`, `dweapon`, `addTime`, `starLevel`, `initMapId`, `skillEnter`) VALUES(  844424930131997, 1001, 1500, 100, 0, 1, 2, 3,8, 1493000260, 0, 0, '1;0;0;0;0;0;0;0');
insert into `player_id` values( 844424930131997,'','yjx27');
insert into `player` values( 844424930131997,'并州邓傲27');
REPLACE INTO `mine_war_pos`(`mapId`,`playerId`, `fighterId`, `posx`, `posy`, `mainFighterHP`, `soldiersHP`) value(12033, 844424930131997, 1001, 2, 2, 0, '');
insert into `account_pwd` values('yjx28','123');
INSERT INTO `fighter` (`playerId`,`fighterId`, `hp`, `mp`, `experience`,`cloth`, `head`, `shoes`, `dweapon`, `addTime`, `starLevel`, `initMapId`, `skillEnter`) VALUES(  844424930131998, 1001, 1500, 100, 0, 1, 2, 3,8, 1493000260, 0, 0, '1;0;0;0;0;0;0;0');
insert into `player_id` values( 844424930131998,'','yjx28');
insert into `player` values( 844424930131998,'并州邓傲28');
REPLACE INTO `mine_war_pos`(`mapId`,`playerId`, `fighterId`, `posx`, `posy`, `mainFighterHP`, `soldiersHP`) value(12033, 844424930131998, 1001, 2, 2, 0, '');
insert into `account_pwd` values('yjx29','123');
INSERT INTO `fighter` (`playerId`,`fighterId`, `hp`, `mp`, `experience`,`cloth`, `head`, `shoes`, `dweapon`, `addTime`, `starLevel`, `initMapId`, `skillEnter`) VALUES(  844424930131999, 1001, 1500, 100, 0, 1, 2, 3,8, 1493000260, 0, 0, '1;0;0;0;0;0;0;0');
insert into `player_id` values( 844424930131999,'','yjx29');
insert into `player` values( 844424930131999,'并州邓傲29');
REPLACE INTO `mine_war_pos`(`mapId`,`playerId`, `fighterId`, `posx`, `posy`, `mainFighterHP`, `soldiersHP`) value(12033, 844424930131999, 1001, 2, 2, 0, '');
insert into `account_pwd` values('yjx30','123');
INSERT INTO `fighter` (`playerId`,`fighterId`, `hp`, `mp`, `experience`,`cloth`, `head`, `shoes`, `dweapon`, `addTime`, `starLevel`, `initMapId`, `skillEnter`) VALUES(  844424930132000, 1001, 1500, 100, 0, 1, 2, 3,8, 1493000260, 0, 0, '1;0;0;0;0;0;0;0');
insert into `player_id` values( 844424930132000,'','yjx30');
insert into `player` values( 844424930132000,'并州邓傲30');
REPLACE INTO `mine_war_pos`(`mapId`,`playerId`, `fighterId`, `posx`, `posy`, `mainFighterHP`, `soldiersHP`) value(12033, 844424930132000, 1001, 2, 2, 0, '');
insert into `account_pwd` values('yjx31','123');
INSERT INTO `fighter` (`playerId`,`fighterId`, `hp`, `mp`, `experience`,`cloth`, `head`, `shoes`, `dweapon`, `addTime`, `starLevel`, `initMapId`, `skillEnter`) VALUES(  844424930132001, 1001, 1500, 100, 0, 1, 2, 3,8, 1493000260, 0, 0, '1;0;0;0;0;0;0;0');
insert into `player_id` values( 844424930132001,'','yjx31');
insert into `player` values( 844424930132001,'并州邓傲31');
REPLACE INTO `mine_war_pos`(`mapId`,`playerId`, `fighterId`, `posx`, `posy`, `mainFighterHP`, `soldiersHP`) value(12033, 844424930132001, 1001, 2, 2, 0, '');
insert into `account_pwd` values('yjx32','123');
INSERT INTO `fighter` (`playerId`,`fighterId`, `hp`, `mp`, `experience`,`cloth`, `head`, `shoes`, `dweapon`, `addTime`, `starLevel`, `initMapId`, `skillEnter`) VALUES(  844424930132002, 1001, 1500, 100, 0, 1, 2, 3,8, 1493000260, 0, 0, '1;0;0;0;0;0;0;0');
insert into `player_id` values( 844424930132002,'','yjx32');
insert into `player` values( 844424930132002,'并州邓傲32');
REPLACE INTO `mine_war_pos`(`mapId`,`playerId`, `fighterId`, `posx`, `posy`, `mainFighterHP`, `soldiersHP`) value(12033, 844424930132002, 1001, 2, 2, 0, '');
insert into `account_pwd` values('yjx33','123');
INSERT INTO `fighter` (`playerId`,`fighterId`, `hp`, `mp`, `experience`,`cloth`, `head`, `shoes`, `dweapon`, `addTime`, `starLevel`, `initMapId`, `skillEnter`) VALUES(  844424930132003, 1001, 1500, 100, 0, 1, 2, 3,8, 1493000260, 0, 0, '1;0;0;0;0;0;0;0');
insert into `player_id` values( 844424930132003,'','yjx33');
insert into `player` values( 844424930132003,'并州邓傲33');
REPLACE INTO `mine_war_pos`(`mapId`,`playerId`, `fighterId`, `posx`, `posy`, `mainFighterHP`, `soldiersHP`) value(12033, 844424930132003, 1001, 2, 2, 0, '');
insert into `account_pwd` values('yjx34','123');
INSERT INTO `fighter` (`playerId`,`fighterId`, `hp`, `mp`, `experience`,`cloth`, `head`, `shoes`, `dweapon`, `addTime`, `starLevel`, `initMapId`, `skillEnter`) VALUES(  844424930132004, 1001, 1500, 100, 0, 1, 2, 3,8, 1493000260, 0, 0, '1;0;0;0;0;0;0;0');
insert into `player_id` values( 844424930132004,'','yjx34');
insert into `player` values( 844424930132004,'并州邓傲34');
REPLACE INTO `mine_war_pos`(`mapId`,`playerId`, `fighterId`, `posx`, `posy`, `mainFighterHP`, `soldiersHP`) value(12033, 844424930132004, 1001, 2, 2, 0, '');
insert into `account_pwd` values('yjx35','123');
INSERT INTO `fighter` (`playerId`,`fighterId`, `hp`, `mp`, `experience`,`cloth`, `head`, `shoes`, `dweapon`, `addTime`, `starLevel`, `initMapId`, `skillEnter`) VALUES(  844424930132005, 1001, 1500, 100, 0, 1, 2, 3,8, 1493000260, 0, 0, '1;0;0;0;0;0;0;0');
insert into `player_id` values( 844424930132005,'','yjx35');
insert into `player` values( 844424930132005,'并州邓傲35');
REPLACE INTO `mine_war_pos`(`mapId`,`playerId`, `fighterId`, `posx`, `posy`, `mainFighterHP`, `soldiersHP`) value(12033, 844424930132005, 1001, 2, 2, 0, '');
insert into `account_pwd` values('yjx36','123');
INSERT INTO `fighter` (`playerId`,`fighterId`, `hp`, `mp`, `experience`,`cloth`, `head`, `shoes`, `dweapon`, `addTime`, `starLevel`, `initMapId`, `skillEnter`) VALUES(  844424930132006, 1001, 1500, 100, 0, 1, 2, 3,8, 1493000260, 0, 0, '1;0;0;0;0;0;0;0');
insert into `player_id` values( 844424930132006,'','yjx36');
insert into `player` values( 844424930132006,'并州邓傲36');
REPLACE INTO `mine_war_pos`(`mapId`,`playerId`, `fighterId`, `posx`, `posy`, `mainFighterHP`, `soldiersHP`) value(12033, 844424930132006, 1001, 2, 2, 0, '');
insert into `account_pwd` values('yjx37','123');
INSERT INTO `fighter` (`playerId`,`fighterId`, `hp`, `mp`, `experience`,`cloth`, `head`, `shoes`, `dweapon`, `addTime`, `starLevel`, `initMapId`, `skillEnter`) VALUES(  844424930132007, 1001, 1500, 100, 0, 1, 2, 3,8, 1493000260, 0, 0, '1;0;0;0;0;0;0;0');
insert into `player_id` values( 844424930132007,'','yjx37');
insert into `player` values( 844424930132007,'并州邓傲37');
REPLACE INTO `mine_war_pos`(`mapId`,`playerId`, `fighterId`, `posx`, `posy`, `mainFighterHP`, `soldiersHP`) value(12033, 844424930132007, 1001, 2, 2, 0, '');
insert into `account_pwd` values('yjx38','123');
INSERT INTO `fighter` (`playerId`,`fighterId`, `hp`, `mp`, `experience`,`cloth`, `head`, `shoes`, `dweapon`, `addTime`, `starLevel`, `initMapId`, `skillEnter`) VALUES(  844424930132008, 1001, 1500, 100, 0, 1, 2, 3,8, 1493000260, 0, 0, '1;0;0;0;0;0;0;0');
insert into `player_id` values( 844424930132008,'','yjx38');
insert into `player` values( 844424930132008,'并州邓傲38');
REPLACE INTO `mine_war_pos`(`mapId`,`playerId`, `fighterId`, `posx`, `posy`, `mainFighterHP`, `soldiersHP`) value(12033, 844424930132008, 1001, 2, 2, 0, '');
insert into `account_pwd` values('yjx39','123');
INSERT INTO `fighter` (`playerId`,`fighterId`, `hp`, `mp`, `experience`,`cloth`, `head`, `shoes`, `dweapon`, `addTime`, `starLevel`, `initMapId`, `skillEnter`) VALUES(  844424930132009, 1001, 1500, 100, 0, 1, 2, 3,8, 1493000260, 0, 0, '1;0;0;0;0;0;0;0');
insert into `player_id` values( 844424930132009,'','yjx39');
insert into `player` values( 844424930132009,'并州邓傲39');
REPLACE INTO `mine_war_pos`(`mapId`,`playerId`, `fighterId`, `posx`, `posy`, `mainFighterHP`, `soldiersHP`) value(12033, 844424930132009, 1001, 2, 2, 0, '');
insert into `account_pwd` values('yjx40','123');
INSERT INTO `fighter` (`playerId`,`fighterId`, `hp`, `mp`, `experience`,`cloth`, `head`, `shoes`, `dweapon`, `addTime`, `starLevel`, `initMapId`, `skillEnter`) VALUES(  844424930132010, 1001, 1500, 100, 0, 1, 2, 3,8, 1493000260, 0, 0, '1;0;0;0;0;0;0;0');
insert into `player_id` values( 844424930132010,'','yjx40');
insert into `player` values( 844424930132010,'并州邓傲40');
REPLACE INTO `mine_war_pos`(`mapId`,`playerId`, `fighterId`, `posx`, `posy`, `mainFighterHP`, `soldiersHP`) value(12033, 844424930132010, 1001, 2, 2, 0, '');
insert into `account_pwd` values('yjx41','123');
INSERT INTO `fighter` (`playerId`,`fighterId`, `hp`, `mp`, `experience`,`cloth`, `head`, `shoes`, `dweapon`, `addTime`, `starLevel`, `initMapId`, `skillEnter`) VALUES(  844424930132011, 1001, 1500, 100, 0, 1, 2, 3,8, 1493000260, 0, 0, '1;0;0;0;0;0;0;0');
insert into `player_id` values( 844424930132011,'','yjx41');
insert into `player` values( 844424930132011,'并州邓傲41');
REPLACE INTO `mine_war_pos`(`mapId`,`playerId`, `fighterId`, `posx`, `posy`, `mainFighterHP`, `soldiersHP`) value(12033, 844424930132011, 1001, 2, 2, 0, '');
insert into `account_pwd` values('yjx42','123');
INSERT INTO `fighter` (`playerId`,`fighterId`, `hp`, `mp`, `experience`,`cloth`, `head`, `shoes`, `dweapon`, `addTime`, `starLevel`, `initMapId`, `skillEnter`) VALUES(  844424930132012, 1001, 1500, 100, 0, 1, 2, 3,8, 1493000260, 0, 0, '1;0;0;0;0;0;0;0');
insert into `player_id` values( 844424930132012,'','yjx42');
insert into `player` values( 844424930132012,'并州邓傲42');
REPLACE INTO `mine_war_pos`(`mapId`,`playerId`, `fighterId`, `posx`, `posy`, `mainFighterHP`, `soldiersHP`) value(12033, 844424930132012, 1001, 2, 2, 0, '');
insert into `account_pwd` values('yjx43','123');
INSERT INTO `fighter` (`playerId`,`fighterId`, `hp`, `mp`, `experience`,`cloth`, `head`, `shoes`, `dweapon`, `addTime`, `starLevel`, `initMapId`, `skillEnter`) VALUES(  844424930132013, 1001, 1500, 100, 0, 1, 2, 3,8, 1493000260, 0, 0, '1;0;0;0;0;0;0;0');
insert into `player_id` values( 844424930132013,'','yjx43');
insert into `player` values( 844424930132013,'并州邓傲43');
REPLACE INTO `mine_war_pos`(`mapId`,`playerId`, `fighterId`, `posx`, `posy`, `mainFighterHP`, `soldiersHP`) value(12033, 844424930132013, 1001, 2, 2, 0, '');
insert into `account_pwd` values('yjx44','123');
INSERT INTO `fighter` (`playerId`,`fighterId`, `hp`, `mp`, `experience`,`cloth`, `head`, `shoes`, `dweapon`, `addTime`, `starLevel`, `initMapId`, `skillEnter`) VALUES(  844424930132014, 1001, 1500, 100, 0, 1, 2, 3,8, 1493000260, 0, 0, '1;0;0;0;0;0;0;0');
insert into `player_id` values( 844424930132014,'','yjx44');
insert into `player` values( 844424930132014,'并州邓傲44');
REPLACE INTO `mine_war_pos`(`mapId`,`playerId`, `fighterId`, `posx`, `posy`, `mainFighterHP`, `soldiersHP`) value(12033, 844424930132014, 1001, 2, 2, 0, '');
insert into `account_pwd` values('yjx45','123');
INSERT INTO `fighter` (`playerId`,`fighterId`, `hp`, `mp`, `experience`,`cloth`, `head`, `shoes`, `dweapon`, `addTime`, `starLevel`, `initMapId`, `skillEnter`) VALUES(  844424930132015, 1001, 1500, 100, 0, 1, 2, 3,8, 1493000260, 0, 0, '1;0;0;0;0;0;0;0');
insert into `player_id` values( 844424930132015,'','yjx45');
insert into `player` values( 844424930132015,'并州邓傲45');
REPLACE INTO `mine_war_pos`(`mapId`,`playerId`, `fighterId`, `posx`, `posy`, `mainFighterHP`, `soldiersHP`) value(12033, 844424930132015, 1001, 2, 2, 0, '');
insert into `account_pwd` values('yjx46','123');
INSERT INTO `fighter` (`playerId`,`fighterId`, `hp`, `mp`, `experience`,`cloth`, `head`, `shoes`, `dweapon`, `addTime`, `starLevel`, `initMapId`, `skillEnter`) VALUES(  844424930132016, 1001, 1500, 100, 0, 1, 2, 3,8, 1493000260, 0, 0, '1;0;0;0;0;0;0;0');
insert into `player_id` values( 844424930132016,'','yjx46');
insert into `player` values( 844424930132016,'并州邓傲46');
REPLACE INTO `mine_war_pos`(`mapId`,`playerId`, `fighterId`, `posx`, `posy`, `mainFighterHP`, `soldiersHP`) value(12033, 844424930132016, 1001, 2, 2, 0, '');
insert into `account_pwd` values('yjx47','123');
INSERT INTO `fighter` (`playerId`,`fighterId`, `hp`, `mp`, `experience`,`cloth`, `head`, `shoes`, `dweapon`, `addTime`, `starLevel`, `initMapId`, `skillEnter`) VALUES(  844424930132017, 1001, 1500, 100, 0, 1, 2, 3,8, 1493000260, 0, 0, '1;0;0;0;0;0;0;0');
insert into `player_id` values( 844424930132017,'','yjx47');
insert into `player` values( 844424930132017,'并州邓傲47');
REPLACE INTO `mine_war_pos`(`mapId`,`playerId`, `fighterId`, `posx`, `posy`, `mainFighterHP`, `soldiersHP`) value(12033, 844424930132017, 1001, 2, 2, 0, '');
insert into `account_pwd` values('yjx48','123');
INSERT INTO `fighter` (`playerId`,`fighterId`, `hp`, `mp`, `experience`,`cloth`, `head`, `shoes`, `dweapon`, `addTime`, `starLevel`, `initMapId`, `skillEnter`) VALUES(  844424930132018, 1001, 1500, 100, 0, 1, 2, 3,8, 1493000260, 0, 0, '1;0;0;0;0;0;0;0');
insert into `player_id` values( 844424930132018,'','yjx48');
insert into `player` values( 844424930132018,'并州邓傲48');
REPLACE INTO `mine_war_pos`(`mapId`,`playerId`, `fighterId`, `posx`, `posy`, `mainFighterHP`, `soldiersHP`) value(12033, 844424930132018, 1001, 2, 2, 0, '');
insert into `account_pwd` values('yjx49','123');
INSERT INTO `fighter` (`playerId`,`fighterId`, `hp`, `mp`, `experience`,`cloth`, `head`, `shoes`, `dweapon`, `addTime`, `starLevel`, `initMapId`, `skillEnter`) VALUES(  844424930132019, 1001, 1500, 100, 0, 1, 2, 3,8, 1493000260, 0, 0, '1;0;0;0;0;0;0;0');
insert into `player_id` values( 844424930132019,'','yjx49');
insert into `player` values( 844424930132019,'并州邓傲49');
REPLACE INTO `mine_war_pos`(`mapId`,`playerId`, `fighterId`, `posx`, `posy`, `mainFighterHP`, `soldiersHP`) value(12033, 844424930132019, 1001, 2, 2, 0, '');
insert into `account_pwd` values('yjx50','123');
INSERT INTO `fighter` (`playerId`,`fighterId`, `hp`, `mp`, `experience`,`cloth`, `head`, `shoes`, `dweapon`, `addTime`, `starLevel`, `initMapId`, `skillEnter`) VALUES(  844424930132020, 1001, 1500, 100, 0, 1, 2, 3,8, 1493000260, 0, 0, '1;0;0;0;0;0;0;0');
insert into `player_id` values( 844424930132020,'','yjx50');
insert into `player` values( 844424930132020,'并州邓傲50');
REPLACE INTO `mine_war_pos`(`mapId`,`playerId`, `fighterId`, `posx`, `posy`, `mainFighterHP`, `soldiersHP`) value(12033, 844424930132020, 1001, 2, 2, 0, '');
insert into `account_pwd` values('yjx51','123');
INSERT INTO `fighter` (`playerId`,`fighterId`, `hp`, `mp`, `experience`,`cloth`, `head`, `shoes`, `dweapon`, `addTime`, `starLevel`, `initMapId`, `skillEnter`) VALUES(  844424930132021, 1001, 1500, 100, 0, 1, 2, 3,8, 1493000260, 0, 0, '1;0;0;0;0;0;0;0');
insert into `player_id` values( 844424930132021,'','yjx51');
insert into `player` values( 844424930132021,'并州邓傲51');
REPLACE INTO `mine_war_pos`(`mapId`,`playerId`, `fighterId`, `posx`, `posy`, `mainFighterHP`, `soldiersHP`) value(12033, 844424930132021, 1001, 2, 2, 0, '');
insert into `account_pwd` values('yjx52','123');
INSERT INTO `fighter` (`playerId`,`fighterId`, `hp`, `mp`, `experience`,`cloth`, `head`, `shoes`, `dweapon`, `addTime`, `starLevel`, `initMapId`, `skillEnter`) VALUES(  844424930132022, 1001, 1500, 100, 0, 1, 2, 3,8, 1493000260, 0, 0, '1;0;0;0;0;0;0;0');
insert into `player_id` values( 844424930132022,'','yjx52');
insert into `player` values( 844424930132022,'并州邓傲52');
REPLACE INTO `mine_war_pos`(`mapId`,`playerId`, `fighterId`, `posx`, `posy`, `mainFighterHP`, `soldiersHP`) value(12033, 844424930132022, 1001, 2, 2, 0, '');
insert into `account_pwd` values('yjx53','123');
INSERT INTO `fighter` (`playerId`,`fighterId`, `hp`, `mp`, `experience`,`cloth`, `head`, `shoes`, `dweapon`, `addTime`, `starLevel`, `initMapId`, `skillEnter`) VALUES(  844424930132023, 1001, 1500, 100, 0, 1, 2, 3,8, 1493000260, 0, 0, '1;0;0;0;0;0;0;0');
insert into `player_id` values( 844424930132023,'','yjx53');
insert into `player` values( 844424930132023,'并州邓傲53');
REPLACE INTO `mine_war_pos`(`mapId`,`playerId`, `fighterId`, `posx`, `posy`, `mainFighterHP`, `soldiersHP`) value(12033, 844424930132023, 1001, 2, 2, 0, '');
insert into `account_pwd` values('yjx54','123');
INSERT INTO `fighter` (`playerId`,`fighterId`, `hp`, `mp`, `experience`,`cloth`, `head`, `shoes`, `dweapon`, `addTime`, `starLevel`, `initMapId`, `skillEnter`) VALUES(  844424930132024, 1001, 1500, 100, 0, 1, 2, 3,8, 1493000260, 0, 0, '1;0;0;0;0;0;0;0');
insert into `player_id` values( 844424930132024,'','yjx54');
insert into `player` values( 844424930132024,'并州邓傲54');
REPLACE INTO `mine_war_pos`(`mapId`,`playerId`, `fighterId`, `posx`, `posy`, `mainFighterHP`, `soldiersHP`) value(12033, 844424930132024, 1001, 2, 2, 0, '');
insert into `account_pwd` values('yjx55','123');
INSERT INTO `fighter` (`playerId`,`fighterId`, `hp`, `mp`, `experience`,`cloth`, `head`, `shoes`, `dweapon`, `addTime`, `starLevel`, `initMapId`, `skillEnter`) VALUES(  844424930132025, 1001, 1500, 100, 0, 1, 2, 3,8, 1493000260, 0, 0, '1;0;0;0;0;0;0;0');
insert into `player_id` values( 844424930132025,'','yjx55');
insert into `player` values( 844424930132025,'并州邓傲55');
REPLACE INTO `mine_war_pos`(`mapId`,`playerId`, `fighterId`, `posx`, `posy`, `mainFighterHP`, `soldiersHP`) value(12033, 844424930132025, 1001, 2, 2, 0, '');
insert into `account_pwd` values('yjx56','123');
INSERT INTO `fighter` (`playerId`,`fighterId`, `hp`, `mp`, `experience`,`cloth`, `head`, `shoes`, `dweapon`, `addTime`, `starLevel`, `initMapId`, `skillEnter`) VALUES(  844424930132026, 1001, 1500, 100, 0, 1, 2, 3,8, 1493000260, 0, 0, '1;0;0;0;0;0;0;0');
insert into `player_id` values( 844424930132026,'','yjx56');
insert into `player` values( 844424930132026,'并州邓傲56');
REPLACE INTO `mine_war_pos`(`mapId`,`playerId`, `fighterId`, `posx`, `posy`, `mainFighterHP`, `soldiersHP`) value(12033, 844424930132026, 1001, 2, 2, 0, '');
insert into `account_pwd` values('yjx57','123');
INSERT INTO `fighter` (`playerId`,`fighterId`, `hp`, `mp`, `experience`,`cloth`, `head`, `shoes`, `dweapon`, `addTime`, `starLevel`, `initMapId`, `skillEnter`) VALUES(  844424930132027, 1001, 1500, 100, 0, 1, 2, 3,8, 1493000260, 0, 0, '1;0;0;0;0;0;0;0');
insert into `player_id` values( 844424930132027,'','yjx57');
insert into `player` values( 844424930132027,'并州邓傲57');
REPLACE INTO `mine_war_pos`(`mapId`,`playerId`, `fighterId`, `posx`, `posy`, `mainFighterHP`, `soldiersHP`) value(12033, 844424930132027, 1001, 2, 2, 0, '');
insert into `account_pwd` values('yjx58','123');
INSERT INTO `fighter` (`playerId`,`fighterId`, `hp`, `mp`, `experience`,`cloth`, `head`, `shoes`, `dweapon`, `addTime`, `starLevel`, `initMapId`, `skillEnter`) VALUES(  844424930132028, 1001, 1500, 100, 0, 1, 2, 3,8, 1493000260, 0, 0, '1;0;0;0;0;0;0;0');
insert into `player_id` values( 844424930132028,'','yjx58');
insert into `player` values( 844424930132028,'并州邓傲58');
REPLACE INTO `mine_war_pos`(`mapId`,`playerId`, `fighterId`, `posx`, `posy`, `mainFighterHP`, `soldiersHP`) value(12033, 844424930132028, 1001, 2, 2, 0, '');
insert into `account_pwd` values('yjx59','123');
INSERT INTO `fighter` (`playerId`,`fighterId`, `hp`, `mp`, `experience`,`cloth`, `head`, `shoes`, `dweapon`, `addTime`, `starLevel`, `initMapId`, `skillEnter`) VALUES(  844424930132029, 1001, 1500, 100, 0, 1, 2, 3,8, 1493000260, 0, 0, '1;0;0;0;0;0;0;0');
insert into `player_id` values( 844424930132029,'','yjx59');
insert into `player` values( 844424930132029,'并州邓傲59');
REPLACE INTO `mine_war_pos`(`mapId`,`playerId`, `fighterId`, `posx`, `posy`, `mainFighterHP`, `soldiersHP`) value(12033, 844424930132029, 1001, 2, 2, 0, '');
insert into `account_pwd` values('yjx60','123');
INSERT INTO `fighter` (`playerId`,`fighterId`, `hp`, `mp`, `experience`,`cloth`, `head`, `shoes`, `dweapon`, `addTime`, `starLevel`, `initMapId`, `skillEnter`) VALUES(  844424930132030, 1001, 1500, 100, 0, 1, 2, 3,8, 1493000260, 0, 0, '1;0;0;0;0;0;0;0');
insert into `player_id` values( 844424930132030,'','yjx60');
insert into `player` values( 844424930132030,'并州邓傲60');
REPLACE INTO `mine_war_pos`(`mapId`,`playerId`, `fighterId`, `posx`, `posy`, `mainFighterHP`, `soldiersHP`) value(12033, 844424930132030, 1001, 2, 2, 0, '');
insert into `account_pwd` values('yjx61','123');
INSERT INTO `fighter` (`playerId`,`fighterId`, `hp`, `mp`, `experience`,`cloth`, `head`, `shoes`, `dweapon`, `addTime`, `starLevel`, `initMapId`, `skillEnter`) VALUES(  844424930132031, 1001, 1500, 100, 0, 1, 2, 3,8, 1493000260, 0, 0, '1;0;0;0;0;0;0;0');
insert into `player_id` values( 844424930132031,'','yjx61');
insert into `player` values( 844424930132031,'并州邓傲61');
REPLACE INTO `mine_war_pos`(`mapId`,`playerId`, `fighterId`, `posx`, `posy`, `mainFighterHP`, `soldiersHP`) value(12033, 844424930132031, 1001, 2, 2, 0, '');
insert into `account_pwd` values('yjx62','123');
INSERT INTO `fighter` (`playerId`,`fighterId`, `hp`, `mp`, `experience`,`cloth`, `head`, `shoes`, `dweapon`, `addTime`, `starLevel`, `initMapId`, `skillEnter`) VALUES(  844424930132032, 1001, 1500, 100, 0, 1, 2, 3,8, 1493000260, 0, 0, '1;0;0;0;0;0;0;0');
insert into `player_id` values( 844424930132032,'','yjx62');
insert into `player` values( 844424930132032,'并州邓傲62');
REPLACE INTO `mine_war_pos`(`mapId`,`playerId`, `fighterId`, `posx`, `posy`, `mainFighterHP`, `soldiersHP`) value(12033, 844424930132032, 1001, 2, 2, 0, '');
insert into `account_pwd` values('yjx63','123');
INSERT INTO `fighter` (`playerId`,`fighterId`, `hp`, `mp`, `experience`,`cloth`, `head`, `shoes`, `dweapon`, `addTime`, `starLevel`, `initMapId`, `skillEnter`) VALUES(  844424930132033, 1001, 1500, 100, 0, 1, 2, 3,8, 1493000260, 0, 0, '1;0;0;0;0;0;0;0');
insert into `player_id` values( 844424930132033,'','yjx63');
insert into `player` values( 844424930132033,'并州邓傲63');
REPLACE INTO `mine_war_pos`(`mapId`,`playerId`, `fighterId`, `posx`, `posy`, `mainFighterHP`, `soldiersHP`) value(12033, 844424930132033, 1001, 2, 2, 0, '');
insert into `account_pwd` values('yjx64','123');
INSERT INTO `fighter` (`playerId`,`fighterId`, `hp`, `mp`, `experience`,`cloth`, `head`, `shoes`, `dweapon`, `addTime`, `starLevel`, `initMapId`, `skillEnter`) VALUES(  844424930132034, 1001, 1500, 100, 0, 1, 2, 3,8, 1493000260, 0, 0, '1;0;0;0;0;0;0;0');
insert into `player_id` values( 844424930132034,'','yjx64');
insert into `player` values( 844424930132034,'并州邓傲64');
REPLACE INTO `mine_war_pos`(`mapId`,`playerId`, `fighterId`, `posx`, `posy`, `mainFighterHP`, `soldiersHP`) value(12033, 844424930132034, 1001, 2, 2, 0, '');
insert into `account_pwd` values('yjx65','123');
INSERT INTO `fighter` (`playerId`,`fighterId`, `hp`, `mp`, `experience`,`cloth`, `head`, `shoes`, `dweapon`, `addTime`, `starLevel`, `initMapId`, `skillEnter`) VALUES(  844424930132035, 1001, 1500, 100, 0, 1, 2, 3,8, 1493000260, 0, 0, '1;0;0;0;0;0;0;0');
insert into `player_id` values( 844424930132035,'','yjx65');
insert into `player` values( 844424930132035,'并州邓傲65');
REPLACE INTO `mine_war_pos`(`mapId`,`playerId`, `fighterId`, `posx`, `posy`, `mainFighterHP`, `soldiersHP`) value(12033, 844424930132035, 1001, 2, 2, 0, '');
insert into `account_pwd` values('yjx66','123');
INSERT INTO `fighter` (`playerId`,`fighterId`, `hp`, `mp`, `experience`,`cloth`, `head`, `shoes`, `dweapon`, `addTime`, `starLevel`, `initMapId`, `skillEnter`) VALUES(  844424930132036, 1001, 1500, 100, 0, 1, 2, 3,8, 1493000260, 0, 0, '1;0;0;0;0;0;0;0');
insert into `player_id` values( 844424930132036,'','yjx66');
insert into `player` values( 844424930132036,'并州邓傲66');
REPLACE INTO `mine_war_pos`(`mapId`,`playerId`, `fighterId`, `posx`, `posy`, `mainFighterHP`, `soldiersHP`) value(12033, 844424930132036, 1001, 2, 2, 0, '');
insert into `account_pwd` values('yjx67','123');
INSERT INTO `fighter` (`playerId`,`fighterId`, `hp`, `mp`, `experience`,`cloth`, `head`, `shoes`, `dweapon`, `addTime`, `starLevel`, `initMapId`, `skillEnter`) VALUES(  844424930132037, 1001, 1500, 100, 0, 1, 2, 3,8, 1493000260, 0, 0, '1;0;0;0;0;0;0;0');
insert into `player_id` values( 844424930132037,'','yjx67');
insert into `player` values( 844424930132037,'并州邓傲67');
REPLACE INTO `mine_war_pos`(`mapId`,`playerId`, `fighterId`, `posx`, `posy`, `mainFighterHP`, `soldiersHP`) value(12033, 844424930132037, 1001, 2, 2, 0, '');
insert into `account_pwd` values('yjx68','123');
INSERT INTO `fighter` (`playerId`,`fighterId`, `hp`, `mp`, `experience`,`cloth`, `head`, `shoes`, `dweapon`, `addTime`, `starLevel`, `initMapId`, `skillEnter`) VALUES(  844424930132038, 1001, 1500, 100, 0, 1, 2, 3,8, 1493000260, 0, 0, '1;0;0;0;0;0;0;0');
insert into `player_id` values( 844424930132038,'','yjx68');
insert into `player` values( 844424930132038,'并州邓傲68');
REPLACE INTO `mine_war_pos`(`mapId`,`playerId`, `fighterId`, `posx`, `posy`, `mainFighterHP`, `soldiersHP`) value(12033, 844424930132038, 1001, 2, 2, 0, '');
insert into `account_pwd` values('yjx69','123');
INSERT INTO `fighter` (`playerId`,`fighterId`, `hp`, `mp`, `experience`,`cloth`, `head`, `shoes`, `dweapon`, `addTime`, `starLevel`, `initMapId`, `skillEnter`) VALUES(  844424930132039, 1001, 1500, 100, 0, 1, 2, 3,8, 1493000260, 0, 0, '1;0;0;0;0;0;0;0');
insert into `player_id` values( 844424930132039,'','yjx69');
insert into `player` values( 844424930132039,'并州邓傲69');
REPLACE INTO `mine_war_pos`(`mapId`,`playerId`, `fighterId`, `posx`, `posy`, `mainFighterHP`, `soldiersHP`) value(12033, 844424930132039, 1001, 2, 2, 0, '');
insert into `account_pwd` values('yjx70','123');
INSERT INTO `fighter` (`playerId`,`fighterId`, `hp`, `mp`, `experience`,`cloth`, `head`, `shoes`, `dweapon`, `addTime`, `starLevel`, `initMapId`, `skillEnter`) VALUES(  844424930132040, 1001, 1500, 100, 0, 1, 2, 3,8, 1493000260, 0, 0, '1;0;0;0;0;0;0;0');
insert into `player_id` values( 844424930132040,'','yjx70');
insert into `player` values( 844424930132040,'并州邓傲70');
REPLACE INTO `mine_war_pos`(`mapId`,`playerId`, `fighterId`, `posx`, `posy`, `mainFighterHP`, `soldiersHP`) value(12033, 844424930132040, 1001, 2, 2, 0, '');
insert into `account_pwd` values('yjx71','123');
INSERT INTO `fighter` (`playerId`,`fighterId`, `hp`, `mp`, `experience`,`cloth`, `head`, `shoes`, `dweapon`, `addTime`, `starLevel`, `initMapId`, `skillEnter`) VALUES(  844424930132041, 1001, 1500, 100, 0, 1, 2, 3,8, 1493000260, 0, 0, '1;0;0;0;0;0;0;0');
insert into `player_id` values( 844424930132041,'','yjx71');
insert into `player` values( 844424930132041,'并州邓傲71');
REPLACE INTO `mine_war_pos`(`mapId`,`playerId`, `fighterId`, `posx`, `posy`, `mainFighterHP`, `soldiersHP`) value(12033, 844424930132041, 1001, 2, 2, 0, '');
insert into `account_pwd` values('yjx72','123');
INSERT INTO `fighter` (`playerId`,`fighterId`, `hp`, `mp`, `experience`,`cloth`, `head`, `shoes`, `dweapon`, `addTime`, `starLevel`, `initMapId`, `skillEnter`) VALUES(  844424930132042, 1001, 1500, 100, 0, 1, 2, 3,8, 1493000260, 0, 0, '1;0;0;0;0;0;0;0');
insert into `player_id` values( 844424930132042,'','yjx72');
insert into `player` values( 844424930132042,'并州邓傲72');
REPLACE INTO `mine_war_pos`(`mapId`,`playerId`, `fighterId`, `posx`, `posy`, `mainFighterHP`, `soldiersHP`) value(12033, 844424930132042, 1001, 2, 2, 0, '');
insert into `account_pwd` values('yjx73','123');
INSERT INTO `fighter` (`playerId`,`fighterId`, `hp`, `mp`, `experience`,`cloth`, `head`, `shoes`, `dweapon`, `addTime`, `starLevel`, `initMapId`, `skillEnter`) VALUES(  844424930132043, 1001, 1500, 100, 0, 1, 2, 3,8, 1493000260, 0, 0, '1;0;0;0;0;0;0;0');
insert into `player_id` values( 844424930132043,'','yjx73');
insert into `player` values( 844424930132043,'并州邓傲73');
REPLACE INTO `mine_war_pos`(`mapId`,`playerId`, `fighterId`, `posx`, `posy`, `mainFighterHP`, `soldiersHP`) value(12033, 844424930132043, 1001, 2, 2, 0, '');
insert into `account_pwd` values('yjx74','123');
INSERT INTO `fighter` (`playerId`,`fighterId`, `hp`, `mp`, `experience`,`cloth`, `head`, `shoes`, `dweapon`, `addTime`, `starLevel`, `initMapId`, `skillEnter`) VALUES(  844424930132044, 1001, 1500, 100, 0, 1, 2, 3,8, 1493000260, 0, 0, '1;0;0;0;0;0;0;0');
insert into `player_id` values( 844424930132044,'','yjx74');
insert into `player` values( 844424930132044,'并州邓傲74');
REPLACE INTO `mine_war_pos`(`mapId`,`playerId`, `fighterId`, `posx`, `posy`, `mainFighterHP`, `soldiersHP`) value(12033, 844424930132044, 1001, 2, 2, 0, '');
insert into `account_pwd` values('yjx75','123');
INSERT INTO `fighter` (`playerId`,`fighterId`, `hp`, `mp`, `experience`,`cloth`, `head`, `shoes`, `dweapon`, `addTime`, `starLevel`, `initMapId`, `skillEnter`) VALUES(  844424930132045, 1001, 1500, 100, 0, 1, 2, 3,8, 1493000260, 0, 0, '1;0;0;0;0;0;0;0');
insert into `player_id` values( 844424930132045,'','yjx75');
insert into `player` values( 844424930132045,'并州邓傲75');
REPLACE INTO `mine_war_pos`(`mapId`,`playerId`, `fighterId`, `posx`, `posy`, `mainFighterHP`, `soldiersHP`) value(12033, 844424930132045, 1001, 2, 2, 0, '');
insert into `account_pwd` values('yjx76','123');
INSERT INTO `fighter` (`playerId`,`fighterId`, `hp`, `mp`, `experience`,`cloth`, `head`, `shoes`, `dweapon`, `addTime`, `starLevel`, `initMapId`, `skillEnter`) VALUES(  844424930132046, 1001, 1500, 100, 0, 1, 2, 3,8, 1493000260, 0, 0, '1;0;0;0;0;0;0;0');
insert into `player_id` values( 844424930132046,'','yjx76');
insert into `player` values( 844424930132046,'并州邓傲76');
REPLACE INTO `mine_war_pos`(`mapId`,`playerId`, `fighterId`, `posx`, `posy`, `mainFighterHP`, `soldiersHP`) value(12033, 844424930132046, 1001, 2, 2, 0, '');
insert into `account_pwd` values('yjx77','123');
INSERT INTO `fighter` (`playerId`,`fighterId`, `hp`, `mp`, `experience`,`cloth`, `head`, `shoes`, `dweapon`, `addTime`, `starLevel`, `initMapId`, `skillEnter`) VALUES(  844424930132047, 1001, 1500, 100, 0, 1, 2, 3,8, 1493000260, 0, 0, '1;0;0;0;0;0;0;0');
insert into `player_id` values( 844424930132047,'','yjx77');
insert into `player` values( 844424930132047,'并州邓傲77');
REPLACE INTO `mine_war_pos`(`mapId`,`playerId`, `fighterId`, `posx`, `posy`, `mainFighterHP`, `soldiersHP`) value(12033, 844424930132047, 1001, 2, 2, 0, '');
insert into `account_pwd` values('yjx78','123');
INSERT INTO `fighter` (`playerId`,`fighterId`, `hp`, `mp`, `experience`,`cloth`, `head`, `shoes`, `dweapon`, `addTime`, `starLevel`, `initMapId`, `skillEnter`) VALUES(  844424930132048, 1001, 1500, 100, 0, 1, 2, 3,8, 1493000260, 0, 0, '1;0;0;0;0;0;0;0');
insert into `player_id` values( 844424930132048,'','yjx78');
insert into `player` values( 844424930132048,'并州邓傲78');
REPLACE INTO `mine_war_pos`(`mapId`,`playerId`, `fighterId`, `posx`, `posy`, `mainFighterHP`, `soldiersHP`) value(12033, 844424930132048, 1001, 2, 2, 0, '');
insert into `account_pwd` values('yjx79','123');
INSERT INTO `fighter` (`playerId`,`fighterId`, `hp`, `mp`, `experience`,`cloth`, `head`, `shoes`, `dweapon`, `addTime`, `starLevel`, `initMapId`, `skillEnter`) VALUES(  844424930132049, 1001, 1500, 100, 0, 1, 2, 3,8, 1493000260, 0, 0, '1;0;0;0;0;0;0;0');
insert into `player_id` values( 844424930132049,'','yjx79');
insert into `player` values( 844424930132049,'并州邓傲79');
REPLACE INTO `mine_war_pos`(`mapId`,`playerId`, `fighterId`, `posx`, `posy`, `mainFighterHP`, `soldiersHP`) value(12033, 844424930132049, 1001, 2, 2, 0, '');
insert into `account_pwd` values('yjx80','123');
INSERT INTO `fighter` (`playerId`,`fighterId`, `hp`, `mp`, `experience`,`cloth`, `head`, `shoes`, `dweapon`, `addTime`, `starLevel`, `initMapId`, `skillEnter`) VALUES(  844424930132050, 1001, 1500, 100, 0, 1, 2, 3,8, 1493000260, 0, 0, '1;0;0;0;0;0;0;0');
insert into `player_id` values( 844424930132050,'','yjx80');
insert into `player` values( 844424930132050,'并州邓傲80');
REPLACE INTO `mine_war_pos`(`mapId`,`playerId`, `fighterId`, `posx`, `posy`, `mainFighterHP`, `soldiersHP`) value(12033, 844424930132050, 1001, 2, 2, 0, '');
insert into `account_pwd` values('yjx81','123');
INSERT INTO `fighter` (`playerId`,`fighterId`, `hp`, `mp`, `experience`,`cloth`, `head`, `shoes`, `dweapon`, `addTime`, `starLevel`, `initMapId`, `skillEnter`) VALUES(  844424930132051, 1001, 1500, 100, 0, 1, 2, 3,8, 1493000260, 0, 0, '1;0;0;0;0;0;0;0');
insert into `player_id` values( 844424930132051,'','yjx81');
insert into `player` values( 844424930132051,'并州邓傲81');
REPLACE INTO `mine_war_pos`(`mapId`,`playerId`, `fighterId`, `posx`, `posy`, `mainFighterHP`, `soldiersHP`) value(12033, 844424930132051, 1001, 2, 2, 0, '');
insert into `account_pwd` values('yjx82','123');
INSERT INTO `fighter` (`playerId`,`fighterId`, `hp`, `mp`, `experience`,`cloth`, `head`, `shoes`, `dweapon`, `addTime`, `starLevel`, `initMapId`, `skillEnter`) VALUES(  844424930132052, 1001, 1500, 100, 0, 1, 2, 3,8, 1493000260, 0, 0, '1;0;0;0;0;0;0;0');
insert into `player_id` values( 844424930132052,'','yjx82');
insert into `player` values( 844424930132052,'并州邓傲82');
REPLACE INTO `mine_war_pos`(`mapId`,`playerId`, `fighterId`, `posx`, `posy`, `mainFighterHP`, `soldiersHP`) value(12033, 844424930132052, 1001, 2, 2, 0, '');
insert into `account_pwd` values('yjx83','123');
INSERT INTO `fighter` (`playerId`,`fighterId`, `hp`, `mp`, `experience`,`cloth`, `head`, `shoes`, `dweapon`, `addTime`, `starLevel`, `initMapId`, `skillEnter`) VALUES(  844424930132053, 1001, 1500, 100, 0, 1, 2, 3,8, 1493000260, 0, 0, '1;0;0;0;0;0;0;0');
insert into `player_id` values( 844424930132053,'','yjx83');
insert into `player` values( 844424930132053,'并州邓傲83');
REPLACE INTO `mine_war_pos`(`mapId`,`playerId`, `fighterId`, `posx`, `posy`, `mainFighterHP`, `soldiersHP`) value(12033, 844424930132053, 1001, 2, 2, 0, '');
insert into `account_pwd` values('yjx84','123');
INSERT INTO `fighter` (`playerId`,`fighterId`, `hp`, `mp`, `experience`,`cloth`, `head`, `shoes`, `dweapon`, `addTime`, `starLevel`, `initMapId`, `skillEnter`) VALUES(  844424930132054, 1001, 1500, 100, 0, 1, 2, 3,8, 1493000260, 0, 0, '1;0;0;0;0;0;0;0');
insert into `player_id` values( 844424930132054,'','yjx84');
insert into `player` values( 844424930132054,'并州邓傲84');
REPLACE INTO `mine_war_pos`(`mapId`,`playerId`, `fighterId`, `posx`, `posy`, `mainFighterHP`, `soldiersHP`) value(12033, 844424930132054, 1001, 2, 2, 0, '');
insert into `account_pwd` values('yjx85','123');
INSERT INTO `fighter` (`playerId`,`fighterId`, `hp`, `mp`, `experience`,`cloth`, `head`, `shoes`, `dweapon`, `addTime`, `starLevel`, `initMapId`, `skillEnter`) VALUES(  844424930132055, 1001, 1500, 100, 0, 1, 2, 3,8, 1493000260, 0, 0, '1;0;0;0;0;0;0;0');
insert into `player_id` values( 844424930132055,'','yjx85');
insert into `player` values( 844424930132055,'并州邓傲85');
REPLACE INTO `mine_war_pos`(`mapId`,`playerId`, `fighterId`, `posx`, `posy`, `mainFighterHP`, `soldiersHP`) value(12033, 844424930132055, 1001, 2, 2, 0, '');
insert into `account_pwd` values('yjx86','123');
INSERT INTO `fighter` (`playerId`,`fighterId`, `hp`, `mp`, `experience`,`cloth`, `head`, `shoes`, `dweapon`, `addTime`, `starLevel`, `initMapId`, `skillEnter`) VALUES(  844424930132056, 1001, 1500, 100, 0, 1, 2, 3,8, 1493000260, 0, 0, '1;0;0;0;0;0;0;0');
insert into `player_id` values( 844424930132056,'','yjx86');
insert into `player` values( 844424930132056,'并州邓傲86');
REPLACE INTO `mine_war_pos`(`mapId`,`playerId`, `fighterId`, `posx`, `posy`, `mainFighterHP`, `soldiersHP`) value(12033, 844424930132056, 1001, 2, 2, 0, '');
insert into `account_pwd` values('yjx87','123');
INSERT INTO `fighter` (`playerId`,`fighterId`, `hp`, `mp`, `experience`,`cloth`, `head`, `shoes`, `dweapon`, `addTime`, `starLevel`, `initMapId`, `skillEnter`) VALUES(  844424930132057, 1001, 1500, 100, 0, 1, 2, 3,8, 1493000260, 0, 0, '1;0;0;0;0;0;0;0');
insert into `player_id` values( 844424930132057,'','yjx87');
insert into `player` values( 844424930132057,'并州邓傲87');
REPLACE INTO `mine_war_pos`(`mapId`,`playerId`, `fighterId`, `posx`, `posy`, `mainFighterHP`, `soldiersHP`) value(12033, 844424930132057, 1001, 2, 2, 0, '');
insert into `account_pwd` values('yjx88','123');
INSERT INTO `fighter` (`playerId`,`fighterId`, `hp`, `mp`, `experience`,`cloth`, `head`, `shoes`, `dweapon`, `addTime`, `starLevel`, `initMapId`, `skillEnter`) VALUES(  844424930132058, 1001, 1500, 100, 0, 1, 2, 3,8, 1493000260, 0, 0, '1;0;0;0;0;0;0;0');
insert into `player_id` values( 844424930132058,'','yjx88');
insert into `player` values( 844424930132058,'并州邓傲88');
REPLACE INTO `mine_war_pos`(`mapId`,`playerId`, `fighterId`, `posx`, `posy`, `mainFighterHP`, `soldiersHP`) value(12033, 844424930132058, 1001, 2, 2, 0, '');
insert into `account_pwd` values('yjx89','123');
INSERT INTO `fighter` (`playerId`,`fighterId`, `hp`, `mp`, `experience`,`cloth`, `head`, `shoes`, `dweapon`, `addTime`, `starLevel`, `initMapId`, `skillEnter`) VALUES(  844424930132059, 1001, 1500, 100, 0, 1, 2, 3,8, 1493000260, 0, 0, '1;0;0;0;0;0;0;0');
insert into `player_id` values( 844424930132059,'','yjx89');
insert into `player` values( 844424930132059,'并州邓傲89');
REPLACE INTO `mine_war_pos`(`mapId`,`playerId`, `fighterId`, `posx`, `posy`, `mainFighterHP`, `soldiersHP`) value(12033, 844424930132059, 1001, 2, 2, 0, '');
insert into `account_pwd` values('yjx90','123');
INSERT INTO `fighter` (`playerId`,`fighterId`, `hp`, `mp`, `experience`,`cloth`, `head`, `shoes`, `dweapon`, `addTime`, `starLevel`, `initMapId`, `skillEnter`) VALUES(  844424930132060, 1001, 1500, 100, 0, 1, 2, 3,8, 1493000260, 0, 0, '1;0;0;0;0;0;0;0');
insert into `player_id` values( 844424930132060,'','yjx90');
insert into `player` values( 844424930132060,'并州邓傲90');
REPLACE INTO `mine_war_pos`(`mapId`,`playerId`, `fighterId`, `posx`, `posy`, `mainFighterHP`, `soldiersHP`) value(12033, 844424930132060, 1001, 2, 2, 0, '');
insert into `account_pwd` values('yjx91','123');
INSERT INTO `fighter` (`playerId`,`fighterId`, `hp`, `mp`, `experience`,`cloth`, `head`, `shoes`, `dweapon`, `addTime`, `starLevel`, `initMapId`, `skillEnter`) VALUES(  844424930132061, 1001, 1500, 100, 0, 1, 2, 3,8, 1493000260, 0, 0, '1;0;0;0;0;0;0;0');
insert into `player_id` values( 844424930132061,'','yjx91');
insert into `player` values( 844424930132061,'并州邓傲91');
REPLACE INTO `mine_war_pos`(`mapId`,`playerId`, `fighterId`, `posx`, `posy`, `mainFighterHP`, `soldiersHP`) value(12033, 844424930132061, 1001, 2, 2, 0, '');
insert into `account_pwd` values('yjx92','123');
INSERT INTO `fighter` (`playerId`,`fighterId`, `hp`, `mp`, `experience`,`cloth`, `head`, `shoes`, `dweapon`, `addTime`, `starLevel`, `initMapId`, `skillEnter`) VALUES(  844424930132062, 1001, 1500, 100, 0, 1, 2, 3,8, 1493000260, 0, 0, '1;0;0;0;0;0;0;0');
insert into `player_id` values( 844424930132062,'','yjx92');
insert into `player` values( 844424930132062,'并州邓傲92');
REPLACE INTO `mine_war_pos`(`mapId`,`playerId`, `fighterId`, `posx`, `posy`, `mainFighterHP`, `soldiersHP`) value(12033, 844424930132062, 1001, 2, 2, 0, '');
insert into `account_pwd` values('yjx93','123');
INSERT INTO `fighter` (`playerId`,`fighterId`, `hp`, `mp`, `experience`,`cloth`, `head`, `shoes`, `dweapon`, `addTime`, `starLevel`, `initMapId`, `skillEnter`) VALUES(  844424930132063, 1001, 1500, 100, 0, 1, 2, 3,8, 1493000260, 0, 0, '1;0;0;0;0;0;0;0');
insert into `player_id` values( 844424930132063,'','yjx93');
insert into `player` values( 844424930132063,'并州邓傲93');
REPLACE INTO `mine_war_pos`(`mapId`,`playerId`, `fighterId`, `posx`, `posy`, `mainFighterHP`, `soldiersHP`) value(12033, 844424930132063, 1001, 2, 2, 0, '');
insert into `account_pwd` values('yjx94','123');
INSERT INTO `fighter` (`playerId`,`fighterId`, `hp`, `mp`, `experience`,`cloth`, `head`, `shoes`, `dweapon`, `addTime`, `starLevel`, `initMapId`, `skillEnter`) VALUES(  844424930132064, 1001, 1500, 100, 0, 1, 2, 3,8, 1493000260, 0, 0, '1;0;0;0;0;0;0;0');
insert into `player_id` values( 844424930132064,'','yjx94');
insert into `player` values( 844424930132064,'并州邓傲94');
REPLACE INTO `mine_war_pos`(`mapId`,`playerId`, `fighterId`, `posx`, `posy`, `mainFighterHP`, `soldiersHP`) value(12033, 844424930132064, 1001, 2, 2, 0, '');
insert into `account_pwd` values('yjx95','123');
INSERT INTO `fighter` (`playerId`,`fighterId`, `hp`, `mp`, `experience`,`cloth`, `head`, `shoes`, `dweapon`, `addTime`, `starLevel`, `initMapId`, `skillEnter`) VALUES(  844424930132065, 1001, 1500, 100, 0, 1, 2, 3,8, 1493000260, 0, 0, '1;0;0;0;0;0;0;0');
insert into `player_id` values( 844424930132065,'','yjx95');
insert into `player` values( 844424930132065,'并州邓傲95');
REPLACE INTO `mine_war_pos`(`mapId`,`playerId`, `fighterId`, `posx`, `posy`, `mainFighterHP`, `soldiersHP`) value(12033, 844424930132065, 1001, 2, 2, 0, '');
insert into `account_pwd` values('yjx96','123');
INSERT INTO `fighter` (`playerId`,`fighterId`, `hp`, `mp`, `experience`,`cloth`, `head`, `shoes`, `dweapon`, `addTime`, `starLevel`, `initMapId`, `skillEnter`) VALUES(  844424930132066, 1001, 1500, 100, 0, 1, 2, 3,8, 1493000260, 0, 0, '1;0;0;0;0;0;0;0');
insert into `player_id` values( 844424930132066,'','yjx96');
insert into `player` values( 844424930132066,'并州邓傲96');
REPLACE INTO `mine_war_pos`(`mapId`,`playerId`, `fighterId`, `posx`, `posy`, `mainFighterHP`, `soldiersHP`) value(12033, 844424930132066, 1001, 2, 2, 0, '');
insert into `account_pwd` values('yjx97','123');
INSERT INTO `fighter` (`playerId`,`fighterId`, `hp`, `mp`, `experience`,`cloth`, `head`, `shoes`, `dweapon`, `addTime`, `starLevel`, `initMapId`, `skillEnter`) VALUES(  844424930132067, 1001, 1500, 100, 0, 1, 2, 3,8, 1493000260, 0, 0, '1;0;0;0;0;0;0;0');
insert into `player_id` values( 844424930132067,'','yjx97');
insert into `player` values( 844424930132067,'并州邓傲97');
REPLACE INTO `mine_war_pos`(`mapId`,`playerId`, `fighterId`, `posx`, `posy`, `mainFighterHP`, `soldiersHP`) value(12033, 844424930132067, 1001, 2, 2, 0, '');
insert into `account_pwd` values('yjx98','123');
INSERT INTO `fighter` (`playerId`,`fighterId`, `hp`, `mp`, `experience`,`cloth`, `head`, `shoes`, `dweapon`, `addTime`, `starLevel`, `initMapId`, `skillEnter`) VALUES(  844424930132068, 1001, 1500, 100, 0, 1, 2, 3,8, 1493000260, 0, 0, '1;0;0;0;0;0;0;0');
insert into `player_id` values( 844424930132068,'','yjx98');
insert into `player` values( 844424930132068,'并州邓傲98');
REPLACE INTO `mine_war_pos`(`mapId`,`playerId`, `fighterId`, `posx`, `posy`, `mainFighterHP`, `soldiersHP`) value(12033, 844424930132068, 1001, 2, 2, 0, '');
insert into `account_pwd` values('yjx99','123');
INSERT INTO `fighter` (`playerId`,`fighterId`, `hp`, `mp`, `experience`,`cloth`, `head`, `shoes`, `dweapon`, `addTime`, `starLevel`, `initMapId`, `skillEnter`) VALUES(  844424930132069, 1001, 1500, 100, 0, 1, 2, 3,8, 1493000260, 0, 0, '1;0;0;0;0;0;0;0');
insert into `player_id` values( 844424930132069,'','yjx99');
insert into `player` values( 844424930132069,'并州邓傲99');
REPLACE INTO `mine_war_pos`(`mapId`,`playerId`, `fighterId`, `posx`, `posy`, `mainFighterHP`, `soldiersHP`) value(12033, 844424930132069, 1001, 2, 2, 0, '');
